ip_armies_size|Ordunun Büyüklüğü
ip_armies_size_text|Ordunuzun büyüklüğü, kralların orduları ile aynı şekilde, bir çok faktöre bağlıdır: ^^ Liderlik yeteneğiniz: her puan ordunuzun maksimum büyüklüğünü 5 artıracaktır.^^> Karizma: her puan ordunuzun maksimum büyüklüğünü 1 artıracaktır.^^> Nam: Her 9 puan ordunuzun maksimum büyüklüğünü 1 artıracaktır. Kişileri kendi davanıza çekmek sizin yeteneğinize bağlıdır. ^^> Hisseler: alacağınız her şehir ordunuza 80 adam ve her kale 40 adam verecektir. Bu adamlar sizi Lordları olarak kabul ederek size hizmet etmek zorundadırlar.
ip_morale|Moral
ip_morale_text|Birliklerin, savaşta yüzleşmek zorunda oldukları dayanıklılık, cesaret ve isteği toplama yeteneğine ve isteğine moral denir. Moral, birliklerin mutluluğuyla aynı şey değildir. Seçkin birlikler mücadelenin zorlukları hakkında ağlanıp sızlanabilirler, ama oklar havada uçuşmaya başladığında omuz omuza savaşacaklardır. Diğer yandan, adamlarına her istediklerini veren bir komutan, düşman saldırdığında fazlasıyla gevşediklerini ve savaştan kaçtıklarını fark edebilir. ^^Bir grubun üzerinde moralin en büyük etkisi savaşta ortaya çıkar; birliklerin düşmanla çarpıştıklarında ne kadar saldırgan olduğunu, veya yenilmekte olduklarını fark ettiklerinde ne kadar kolay kaçacaklarını belirler. Moral, birliğin yürüme hızını da etkiler: İsteksiz bir birlik; adamlar kendilerini zorlamadığı, daha sık durakladığı ve arkada kalanların yetişmesini beklediği için daha yavaş hareket edecektir. Son olarak, morali çok düşük olan bir birlik firarların acısını çekecektir. ^^ Morali etkileyen bazı etkenler sezgiseldir. Örneğin, kazandığı savaşlarla ünlü karizmatik bir komutan, adamlarına güven duygusu aşılayabilir. Adamlarına bol ve çeşitli yemekler sunan, paralarını zamanında ödeyen liderler, birliklerinin durumuyla ilgilendiklerini gösterir ve onları bir felakete sürükleme olasılığı daha azdır. ^^Diğer etkenler -- özellikle birliktekilerin hissettiği bağlılıkla ilgili olanlar -- bu denli sezgisel değildir. Örneğin sıkıca kaynaşmış küçük bir gruptaki adamlar omuz omuza savaştıkları liderlerinin gözünde korkak durumuna düşmemek için zorlu şartlarda dahi çetince savaşırlar. Diğer yandan; komutanın, adamlarına ayıracak, onların şikayetlerini dinleyip uyuşmazlıklarını çözecek daha az zamanının olduğu daha geniş bir birlikte ise bağlılık daha yapmacık görünebilir. Sıkça yapılan savaşlar adamlarınız arasındaki bağı kuvvetlendirirken, savaşsız geçen uzun aralıklar sonunda birlikler sıkılacak ve birbirleriyle didişeceklerdir. ^^ 'Raporlar' düğmesine tıklanarak ulaşılabilen moral raporu oyuncuya adamlarının moralini etkileyen etkenler hakkında bir fikir verir.
ip_economy|Ekonomi
ip_economy_text|Northlands'daki şehir ve kasabalar, halklarını sağlıklı ve üretken tutabilmek için çok çeşitli ürünlere gerek duyar. Bunlardan en önemlisi yiyeceklerdir. Northlands'in temel mahsülü tahıldır, fakat insanların etten, balıktan veya peynirden alacakları yağ ve proteine de gereksinimi vardır. Etin üretimi kadar saklanması da zordur, bu yüzden tuz da revaçtaki ürünlerdendir. Yemekten sonra giyim gelir; yani ağır yün, daha hafif olan keten, veya lüks kadife. Son olarak insanlar; demircilik, çömlekçilik,dericilik ve elbette silahlar,zırhlar ve savaş atları gibi işleri için alet edevata gerek duyar.^^Çoğu tarım ürünü köylerde üretilirken, şehirlerdeki esnaflar demircilik veya dokumacılık gibi imalat işlerinde uzmanlaşırlar. Aynı zamanda, ülkenin farklı kısımlarında farklı kaynaklar bulunabilir.Sonuç olarak, Northlands'in gönencine giden yol hem kasabalarla şehirler arasındaki, hem de büyük şehirlerin aralarındaki alışverişten geçer. ^^Ticaret devam ettikçe, ürünler daha kolay ve daha uygun fiyatlara bulunabilir hale gelir, bir merkezin halkı sağlıklı ve işlek hale gelir ve komşu bölgelerden göç akınları başlar. Merkez daha çok üretir, daha çok tüketir ve lordlarının vergilerine daha çok katkıda bulunabilir.  Ticaret azalırsa, kasabalar ve şehirlerdeki işçiler başka yerlerde çalışmaya gider ve ekonomik etkinlik durağanlaşır. Bu yüzden, yöneticiler ticaret yollarını savaştan ve haydutlardan korumalıdır. Yine de, kurnaz bir tüccar, fiyat dengelerinde oluşan farklardan faydalanarak kâr edebileceği, ülkenin geri kalanından yalıtılmış şehirleri aramak isteyebilir..^^Genellikle köylüler ürünlerini şehirlerdeki pazara götürmeyi planladıklarından, köy pazarları nispeten sessiz yerler olurlar, köylüler de ucuza alıp pahalıya satar. İşini ciddiye alan tüccarlar kâr yapmak için şehirlerde kalırken, bazı gruplar bir köye uğrayıp ürün tedarik edebilirler. ^^Bir bölgenin gönencini etkileyen etkenler hakkında bilgi almak isteyen bir oyuncu şehrin lonca başkanıyla konuşabilir. Oradan geçenler size çeşitli bilgiler sağlayabilse de, genelde kendi ticaretleri dışında pek bir şey bilmezler.
ip_courtship|Kur Yapmak
ip_courtship_text|Oyuncular Northlands'in soylu ailelerine mensup biriyle evlenmeyi isteyebilir. Evlilik, bir oyuncunun güçlenmesi veya isminin duyulması için gerekli değildir, ama oyuncuya, lordlarla ilişkisini güçlendirme ve tahta talip olma imkanı sağlar.^^Evlilik için gerekenler kadınlar ve erkekler için farklıdır. Bir erkek karakter genellikle geleneksel kur yapma yöntemlerini kullanmak zorundadır: Öncelikle Northlands'in asilleri arasında adını duyurması, gelinin ailesinin gözünde iyi bir izlenim bırakması ve gelinle bölgenin geleneklerine uygun bir şekilde evlenmesi gerekir. Sabırsız oyuncular kestirme yolları tercih edebilir -- ama bunun diğer lordlarla ilişkisini etkileyeceğini unutmamalıdır. ^^ Bir erkek karakter, diğer lordların da diyarın kadınlarını etkilemeye çalışacağını unutmamalıdır. Ayrıca bir kadının beğenileri tahmin edilemez, bu yüzden bir oyuncunun aşkı karşılıksız çıkabilir. Aşk, diğer her yerde olduğu gibi Northlands'da da her zaman kendisine yer bulamayabilir. Elbette oyuncu bir diğerinin yardımına başvurarak daha az centilmence bir tavırla bir bayanın aşkını kazanabilir, ama bu da itibarına leke düşürecektir. ^^ Kur yapma yolunda atılacak olan ilk adım, şölenlere ve turnuvalara katılarak Northlands asilzadelerinin sosyal yaşantısına karışmaktır. Ayrıca gezici ozanlar ve şairler de kur yapma üzerine önemli püf noktaları sunabilirken, oyuncuyu da son dedikodulardan haberdar eder. ^^ Kadın karakterler de evlenebilir -- fakat Northlandshalkının fazlasıyla gelenekçi olduğunu ve maceraperest bir kadının işini fazlasıyla zorlaştırabileceklerini unutmamaları gerekir. Bir kadın karakter kendisiyle evlenecek kadar açık fikirli bir lord bulana kadar arayışını sürdürebilir. ^^İşin iyi tarafı, bir kadın karakterin süslü kur yapma adetlerini yerine getirmek zorunda olmamasıdır; ve bir kadın evlilikten, eşinin sağladığından daha fazla yarar sağlayabilir. Maceracı bir kadın için evlilik güce giden kestirme yol olabilir -- hatta vicdansız bir karakter kocasını kendi politik hırsları için bir araç olarak kullanabilir.
ip_politics|Politika
ip_politics_text|Northlands'deki ülkeler her ne kadar farklı kültürleri temsil etseler de, hepsi aynı temel politik sisteme bağlıdır: derebeylik. Germen hiyerarşisinin en tepesinde kraliyet ailesinin üyelerinden oluşan soylu divan tarafından seçilen kral bulunur. Ülkenin tüm toprakları krala ait olup bu toprakları aristokrasi ve olağanüstü başarı gösteren savaşçılar arasında dağıtır. Ancak bu topraklar kişilerin mülkiyetine geçmezler ve kralın ya da kullanıcının ölümü durumunda tekrar hükümdara geri verilirler.  Her sancağı idare ve adalet sorumluluyla kralın adına yöneten soylular savaş alanı için asker ve vergi toplamaktan da sorumludur. Bu amaçla, onlar da kendi topraklarını, krallığın kırsal ekonomisinin omurgası sayılan özgür adamlar arasında daha küçük parsellere bölerler. Bu çiftçi ve toprak sahipleri derebeylerine kira ödeyebilir ya da o kişilere karşı askeri yapıları inşa etmek, haftanın birkaç günü ya da hasat zamanı onlar için çalışmak gibi bazı görevleri üstlenebilirler. ^^Bu sahiplik ilişkisi sistemi sadakat hiyerarşisi ve politik destek sağlayan soylular için de geçerlidir. Gitgide daha da güçlenen manastırlar ise kendi toprakları ve çalışanları ile özerk dini kurumlar haline gelmişlerdir. ^^Kelt milletlerinin (Galik,Galler halkı ve Pikler) belirgin bir özelliği işbirliğine, klanlaşmaya verdikleri önemdi. Birbirleriyle ilişkili geniş bir grup tahminen bağımsız bir sosyal ve yasal kuruluş görevi gören ortak bir atanın soyundan gelmekteydi. ^^Northlands'daki bir krallık başka bir krallıkla savaştığında, her krallığın politik birlikteliği, sonucu belirlemede en az asker sayısı ve ya kalitesi kadar önemlidir. Birleşik bir krallıkta, soylular da rakiplerinden önce davranıp onları temizlerlemek için geniş bir güçle birleşirler. Anlaşmazlıklar nedeniyle bölünen krallıklarda lordlar kumandanın toplanma emirlerini yerine getirmede başarısız olabilir, ya da mücadelesi iyi gitmiyorsa birliği bırakıp kendi yoluna gidebilir. Bir grubun politik bağı, gruplar ilerlemezken savaş durumunu da etkiler. Bölünmüş bir grupta, lordların baskınlara katılma, devriyeye çıkma ya da birbirlerinin savunmalarına destek olma olasılıkları düşüktür. ^^Eğer düşman saldırmak üzereyken soylular anlaşmazlık ve tartışma içinde kendilerini engelliyor görünüyorsa, o soylunun bağlılığının bir gruba ya da kültüre değil yalnızca kendine ve ailesine olduğunu aklınızdan çıkarmayın. Eğer bir soylu kendi birliğinin çökeceğinden korkuyorsa ya da emirleri görmezden geliniyorsa, genellikle bağlılık yeminini bozacak ve taraf değiştirecek bir sebep bulabilir. Bu yüzden oyuncular, eski düşmanların taraf değiştirerek müttefik olabileceği ihtimalini aklında bulundurmalıdır. 
ip_character_backgrounds|Karakter Geçmişleri
ip_character_backgrounds_text|Northlands'da bir oyuncu, karakteri için çeşitli sosyal sınıfların birinden gelmeyi seçebilir. Bu seçim oyuncunun başlangıçtaki yeteneklerinin ve ekipmanının yanısıra, maceracılık kariyerini de etkiler.^^ Northlands'de savaş ve politika geleneksel olarak erkek asilzadeler tarafından yönetilir. Soylu bir karakter bu gruba daha çabuk kabul edilebilirken, kadınlar veya halktan insanlar bu yolda fazladan güçlüklerle karşılaşabilirler. Eğer soylu bir erkek olarak oyuna başlamayı seçerseniz, bunu 'kolay' ayarı olarak görebilirsiniz. Yine de soylu bir kadın ya da bir şehirli bir erkek olarak başlamak daha zordur ve şehirli bir bayan olarak başlamak büyük olasılıkla oyuna başlamanın en zorlu yoludur. Ancak kadınların oyun başında bazı avantajları vardır. Bir kadın savaşçı sadece silahlanarak bile dikkatleri üzerine çekebilir, böylece bir erkek oyuncudan daha kısa sürede diyarda nam salabilir. Aynı zamanda, adetler gereği bir kadının üst sosyal sınıflardan biriyle evlenmesi daha kolaydır ve bir kadın karakter bir mantık evliliğinden daha kazançlı çıkabilir. ^^ Son olarak belirtmek gerekir ki oyun, karakterlerin geçmişine dayalı yükselişine bir sınır koymaz. Soylu veya halktan, erkek veya kadın, evli veya bekar - - yeterince cesur, şanslı ve becerikli olan herkes Northlands'in hükümdarlığına yükselebilir.
ip_military_campaigns|Askeri Harekatlar
ip_military_campaigns_text|Northlands'de krallıklar savaşa girdikleri zaman, ordularının saldırı için iki seçeneği vardır: Köylere saldırıp ve sayfiye yerleri yerle bir etmeye çalışabilirler, böylece düşmanlarının itibarına ve ekonomilerine zarar verirler. Ya da, şehirleri ve kaleleri fethedip ellerinde tutmaya çalışabilirler. Bu ikinci seçenek, uzun süren kanlı kuşatmalar gerektirebilir, fakat sonunda daha kesin kazançlar sağlar.^^ Northlands kralları savaş alanına, hükümdarın istediği kadar savaş alanında kalan düzenli ordular sürmez. Bunun yerine, Englaland'daki krallıklar, derebeylerinin soylu gruplarından ve kişisel maiyetlerinden oluşan birlikleri tarafından korunur. Bazen bu soylular kendi başlarına düşman topraklarına saldırsalar da, en kesin sonuçlar genelde büyük orduların birleştiği savaşlarda alınır. Kral tarafından görevlendirilmiş bir soylu olan krallık mareşali, savaş öncesinde orduyu savaşa çağıracak ve onları yönetecektir. Ancak, orduyu savaş alanında fazla tutmamaya dikkat etmek gerekir. Aksi takdirde, derebeylerinin kendilerine işlerine yönelmeleri sonucu ordu çözülmeye başlar ve bir karşı saldırıya karşı savunmasız kalabilir. ^^ Bu sebeple, Kalradya'da savaşların ritmi çoğunlukla iki savaşçının karşılıklı düellosundaki ritme benzer: Taraflardan biri gücünü arttıracak ve düşman topraklarına bir darbe indirmeye çalışacaktır. Eğer mareşal derebeylerini toplamak için yeterince uğraşmazsa düşmanlarına yeterince zarar veremeyebilir. Eğer bu iş için fazla vakit kaybederse sefer henüz başlamadan bitebilir. Büyük bir krallık küçüğünden üstündür, bu üstünlük kaslı bir savaşçının cılız bir düşman üzerindeki üstünlüğüne benzer; ancak krallığın politik yönden ne kadar birlik halinde olduğu da önemli bir etkendir, bu da kuvvetli bir savaşçının düşman karşısında dayanabilmesine benzetilebilir. Bazen iki krallığın orduları kafa kafaya gelir, böyle savaşların sonucu hem asker sayısı hem de askerlerin moralleri tarafından belirlenir. ^^Zaman zaman krallıkların düşmanları hakkında bildikleri yetersiz kalır. Savaş lordları, hangi kalelerin savunmasız olduğunu belirlemek için sık sık düşman topraklarını gözetleme gereksinimi duyar. Herhangi bir düşman harekatı halinde bu bilgiyi yayan tehlike işaretlerinin kalelerden ve şehirlerden yayılması, ordunun kendi yurdunu savunmasına oldukça yardımcı olacaktır. Yine de bu çeşit bilgiler, özellikle sayılar söz konusu olduğunda yetersiz kalacaktır. Bir kuşatmayı kaldırmak veya bir köyü kurtarmak için yola çıkan bir savunma ordusu, gerçekte hazırlıksız olan düşmanlarının sayısını abartabilir -- veya küçümsediği bir orduyu abartmış olması gerektiğini acı yoldan öğrenebilir. Buna karşılık saldıran taraf, düşman topraklarında ne kadar ilerlediklerine dikkat etmelidir; savaşçı mareşaller temkinli olanlardan daha ilerilere atılabilirler. ^^ Oyuncuların, orduya katılarak veya düşman topraklarında gözcülük yapmaya çalışarak gruplarının askeri seferlerine katılmaları beklenir. Bazı oyuncular krallıklarının mareşalini fazla temkinli veya saldırgan bulabilirler. Bu durumda diğer lordları mareşalin yerini almaları için kışkırtmaya çalışabilir, ya da kendileri mareşal olmak için destek toplayabilirler. ^^Çoğu savaşın süresi kısıtlıdır. Savaşa giden krallar, sadece kısa süre bir için kendilerini şeref adına anlaşmazlığın peşine düşmeye mecbur hisseder. Eğer düşmanı bozguna uğratmıyorlarsa, üçüncü bir grubun saldırısına karşı savunmasız kalmamak için anlaşmazlığı çözmenin bir yolunu aramaya başlayacaklardır. Northlands'in hükümdarları, bugünün dostlarının yarın düşman, düşmanlarının da dost olabileceğini gayet iyi bilirler .
ip_siege_warfare|Kuşatma Muharebesi
ip_siege_warfare_text|Viking Kuşatması, size Karanlık Çağlardaki kuşatma muharebelerini sunar. Oyuncular bir yerleşim yerini kuşattığında, o yeri ele geçirmek için iki yol izlenebilir: güçten düşürme yolu (açlık, hastalık ...) ya da saldırı. ^^Birinci yolda oyuncunun amacı yerleşim yerini kapatarak erzak ve destek güç alımını önlemektir. Aynı zamanda yerleşim yerinin moral gücünü düşürmek, hastalıkları yaymak ve yiyecek kaynaklarını yok etmek için çeşitli eylemler yapılabilir. Bu tip olaylar zaman alır ancak kendi tarafınızda oluşabilecek büyük kayıpları önler. ^^İkinci yolda ise mevcut saldırı ekipmanları (merdivenler, kalkanlar...) ile doğrudan saldırıya geçilir ya da saldırgan hucümlar yapılır (savunanları yıpratmak, evlerini ve surlarını yakmak...). Bu seçenek, oyuncu kendini o yerleşim yerini tam bir saldırı ile ele geçirmeye hazır hissettiğinde kullanılmalıdır. Bu saldırının avantajı o yeri biran önce ele geçirmektir ancak genellikle benzer pahada can kaybına sebep olur.  ^^Ayrıca yerleşim yerinin bir limanı var ise, oyuncu bir donanma edinerek limana denizden de saltırı yapabilir. ^^Yeni kuşatma sisteminin gücü ve özellikleri burada detaylı anlatılamayacak kadar fazladır. Yapılabilecek en iyi şey oyunu kendi başınıza keşfetmeniz ve kendinize göre stratejiler geliştirmenizdir. Gerçekçi bir kuşatma muharebesine hoşgeldiniz.
ip_sea_travel|Deniz yolculuğu
ip_sea_travel_text|Dünya haritasındaki feribot, partinizi iki istasyon arasında taşıyor. Partiniz küçük olduğunda bu ucuz olsa da, parti büyüklüğü ile daha pahalı hale gelir. ^^ Denizde daha uzun mesafeler seyahat etmek için biri liman kentinden diğerine seyahat edebilir. Bu, kasaba menüsünden veya kasaba sahnesinin liman kısmındaki gemi yazarı ile konuşarak başlatılabilir. Feribotlara benzer şekilde, bu hizmet parti büyüklüğüyle daha pahalı hale gelir. ^^ Kendi geminiz olduğunda, şehir menüsünde 'Limandan Yelken' seçeneğine tıklayarak içinde bulunduğunuz limandan binebilirsiniz. Haritaya döneceksiniz, ama bu sefer geminizde denizde. Deniz yolculuğu daha sonra kara yolculuğuna çok benziyor. ^^ Karaya geri dönmenin iki farklı yolu var. Bir limanı tıklayabilir ya da bir iniş noktası kullanabilirsiniz. Bir iniş noktası bulmak için, sahil boyunca yakından seyahat edin veya partinize sağ tıklayın ve 'en yakın iniş noktasını bul' seçeneğini seçin. Limanlarda olduğu gibi, inmek için iniş noktasını tıklayın. Her iki durumda da, gemileriniz indiğiniz yerde kalacaktır. ^^ ^ Partinizin büyüklüğü gemilerinizin kapasitesinden büyükse, gemilere binemezsiniz. Bu durumda, bulunduğunuz konumda bir asker mahallesi (Kamp menüsü) ve hedef pozisyonunuzda bir başka asker mahallesi oluşturabilir, ardından ordunuzu her iki mahalle arasında adım adım taşıyabilirsiniz. ^^ Kampanya haritasında deniz yoluyla seyahat ederken, daima mevcut hava durumunu kontrol edin. 'Kamp' düğmesine tıkladıktan sonra, mevcut koşullar sol tarafta gösterilir. Hava koşulları değişirse, ekranın sol alt köşesinde bir mesajla bilgilendirileceksiniz. ^^ Bir yandan, rüzgarlı havalar, gemilerinizin kampanya haritasındaki ve deniz savaşlarındaki hızı için iyidir. Öte yandan, gemilerinize zarar verme şansı da artar. Hasar, bir geminin durumunu daha da kötüleştirir, yavaşlatır ve hatta koşul “Tehlikeli” ye ulaştığında bile yok eder. Gemilerinizin durumunu 'Kamp' ve ardından 'Filo' üzerine tıklayarak kontrol edebilirsiniz. ^^ Son olarak, hava durumu da gemilerin savaştaki davranışını belirler. Bu, önceden “Kamp” ve ardından “Konumu kontrol et” seçeneğini tıklayarak kontrol edilebilir. ^^ Deniz seyahati tehlikelidir ve birliklerin moralini düşürebilir. Bu olduğunda, size bir mesaj gönderilecektir. Askerler özellikle geceyi suya harcamaktan hoşlanmıyorlar. Bu nedenle, gece karaya inmek için rotanızı çizmeyi düşünün. Denizdeki moral çok düşerse, askerler isyan edebilir. ^^ Denizciler ve bazı İskandinav birlikleri gibi bazı birlikler denizcilere maruz kalıyorlar ve kampanyanızdaki gemilerin seyahat hızını artıracaklar. Efekti kamp menüsünün sol tarafında kontrol edebilirsiniz. ^^ Filonuzda birden fazla gemi varsa, filonun hızı en yavaş gemi tarafından belirlenir. Ancak filonuzda birden fazla gemi varsa, filonuzu bölebilirsiniz. Bunu yapmak için kıyıya yakın bir yere seyahat edin. Sonra yavaşça gemi (ler) i bırakmak için 'Kamp', 'Filo' ve son olarak 'Gemiyi kıyıda bırak' üzerine tıklayın. Gemileri tekrar bir araya getirmek için, hepsinin bir limana getirilmesi gerekiyor. Tüm gemilerinize bulundukları yerde genel bir bakış için 'Karakter'i ve ardından' Gemiler'i tıklayın.
ip_sea_battle|Deniz savaşı
ip_sea_battle_text|Denizde seyahat etmeye başladıktan sonra bir noktada deniz savaşına katılacaksınız. ^^ Her şeyden önce, geminizi nasıl kontrol edeceğinizi bilmeniz gerekiyor. Komutu ileri, hızlı ileri, geri veya kalmaya verebilirsiniz. Yukarı ve aşağı ok tuşları bu komutlar arasında geçiş yapar. Ayrıca düz, sancak, sert sancak, liman veya sabit porta gitme komutunu da verebilirsiniz. Sol ve sağ ok tuşları bu komutlar arasında geçiş yapar. ^^ Mevcut komutlar, geminizin sağ üst köşesinde gösterimi etrafındaki oklarla gösterilir. Yelkeni ayarlamak için Enter tuşuna, sahnenin taktiksel görüntüsünü elde etmek için Geri tuşuna basın. Bir gemi yönlendirmek ve rüzgarın etkisini hissetmek için bu komutları deneyin. ^^ Bir düşman gemisine yeterince yaklaşınca biniş başlar. Gemiler bir araya toplanır ve dövüş başlar. ^ Şanslıysanız, savaşı kazandıktan sonra düşmanın amiral gemisini ele geçirebilirsiniz. ^^ Çok sayıda geminizin olduğu bir deniz savaşında, bir 'ayakta durma' ya da 'ücretlendirme verebilirsiniz. 'Dokuzuncu' bölüme atanan gemilerinize emir verin. Ordu listenizdeki ilk birlikler amiral gemisinde sizinle birlikte olacak. Diğer askerler kalan gemilerde olacak. Birisi bir gemideki amiral gemisini değiştirebilir ya da denizde kamp kurarken. ^^ Oldukça geniş bir filosuyla şehirlere deniz kenarlarından saldırabilir. Bunu yapmak için, sadece düşman liman kasabasına tıkla ve ilk inişe geçmeden ona ulaştığında saldırabilirsin.
ip_ship_info|Ships
ip_ship_info_text|Er ya da geç, bir gemiye yatırım yapmak istersiniz. Bunu yapmak için birkaç neden var. Uzun vadede deniz seyahatinin en ucuz şeklidir. Denizde hareket halinde size tam bir özgürlük sunar. Ticaret ve baskın için yeni fırsatlar açılıyor. ^^ Öte yandan, olumsuz taraflar var. Her şeyden önce, bir gemi pahalıdır ve bir tane alabilmek için biraz para biriktirmeniz gerekir. Dahası, bir gemi sadece sınırlı miktarda asker taşıyabilir. ^^ Bir diğer önemli husus hızdır. Daha hızlı bir gemiyle, diğer gemilerden daha başarılı bir şekilde yakalanır veya kaçarsınız. Bir geminin hızı türüne ve durumuna göre belirlenir. ^ ^ Son olarak, gemi yapımında kullanılan odun dayanıklılığını etkiler. Meşe ağacından yapılmış gemiler çok dayanıklı olsa da, kayın ağacından yapılmış gemilerin daha sık onarılması gerekir. ^^ Bir gemi almaya hazır olduğunuzda, bir liman kentinin kasaba menüsünde 'gemileri gör' seçeneğini tıklayın veya konuşun gemi sahibine. Liman kasabalarında satılık üç gemi bulunabilir, ancak bazen hiçbiri mevcut değildir. Sunulan gemilerin tipi ve miktarı zaman içinde değişmektedir. Tüm liman şehirleri gemi sunarken, biri İskandinavya ve Frizce limanlarında en iyi gemileri bulur. Geminizi görmek için şehir menüsünde 'Gemileri gör' seçeneğine tıklayabilir veya iskelesine yürüyebilirsiniz. ^^ Bir limanda, bir gemi yelkenini kişiselleştirebilir veya meşe ağacından yapılmış herhangi bir gemiyi boyayabilirsiniz. Oyuncunun gemileri için ayrılmış özel bir yelken var. Özel bir grafik editörü ile değiştirilebilir (Viking Conquest'e dahil değildir). Daha fazla bilgi için, bu DLC'nin dosyaları arasında 'Özel Yelkenleriniz' klasörüne bakın. ^^ Bir geminiz olduğunda, gemi yazarı sizinle farklı bir şekilde etkileşime girer ve tavsiye vermekte tereddüt etmez. Gemiler ayrıca özel gemi inşa etmeyi de önerir. Daha iyi gemiler, elde etmeniz ve yanınızda getirmeniz gereken özel malzemeler gerektirebilir. Daha iyi gemiler ayrıca inşaatları için daha fazla zamana ve İskandinav limanlarındaki yetenekli gemi yazarlarına ihtiyaç duyarlar. İnşa ettiğiniz ilk yedi gemi, gemi özelleştirme menüsünde serbestçe adlandırılabilir. ^
ip_wounds|Yaralar
ip_wounds_text|Büyük şehirlerdeki Hekimler belirli bir ücret karşılığında yaraları birkaç gün içerisinde tedavi edebilirler. Tüm negatif etkiler yok olacaktır. Eğer yara tedavi edilmezse bir süre sonra iz halini alacak ve negatif etkiler kalıcı olacaktır.
ip_traits|Kişisel Özellikler
ip_traits_text|15. seviyeye ulaştığında şu karakter özelliklerinden istediğin birini seçebilirsin:^^Berserker: Berserk moda geçmek savaş alanının ateşiyle hızının ve gücünün artmasını sağlar ve bu canavarlık hali görüşünün kanlanmasına sebep olur.^^Lider: Bu yetenek liderlik seviyenizi artırır. Adamlarınız, attığınız savaş çığlıkları ile daha da kana susamış şekilde dövüşeceklerdir.^^Çetin: Bu yetenek, birliklerinizin savaş alanındaki hızını ve hareket kabiliyetini artırır.^^Güçlü: Adamlarınızın kalkan ve zırhlarının bakımı üzerine düşüyor oluşunuz, düşmanınız için sizden birine hasar vermeyi zorlaştıracaktır.^^Bu karakter özelliklerini etkinleştirmek için savaş alnında T tuşuna basın.
ip_recruitment|Asker Toplama Sistemi
ip_recruitment_text|Viking Conquest'teki asker toplama sistemi otomatik değildir ve belirli faktörlere bağlıdır. Her şeyden önce; köylerden, kalelerden veya şehirlerden asker toplamak için bunu yapabilmek için ilgili kişiden izin almanız gerekmektedir. Örneğin köylerdeki izni köy yaşlısından veya köy sahibinden, kale ve şehirlerdeki izni de o yerleşkenin sahibi lorddan almanız gerekmektedir. ^Çiftliklerde her zaman size katılmak isteyen insanlar bulabilirsiniz. Ayrıca, eğer Hristiyan iseniz, manastırlarda yanınıza alabileceğiniz birkaç asker bulma şansınız vardır. Lordlar izin alabilmeniz için şanınızın yeterli seviyede (150+ olması gerektiği gibi o lord ve o krallık ile ilişkilerinizin de iyi olması gerekir. Köy yaşlısından izin alabilmek ise için bir çok yöntem vardır. Yüksek şan seviyeniz (150+), köy ile olan ilişkiniz (15+) veya köy yaşlısına vereceğiniz rüşvet işinizi görmeye yetecektir. Rüşvet girişiminiz ilk seferde işe yaramayabilir. bu durumda birkaç kez daha şansınızı deneyebilirsiniz. İzni aldığınız zaman, köy ile ilişkileriniz pozitif kaldığı sürece buradan asker toplayabilirsiniz. Köylerden 1. kademe askerler toplanabilir. Eğer ki köy ile ilişkileriniz gerçekten yüksek seviyedeyse (60+), 2. kademe askerler toplayabilir hale geleceksiniz. Köyün sahibi olmanız durumunda, köy ile ilişkinizin 20 puanın üzerinde olduğunu varsayarsak, 2. kademe asker toplama şansınız %50dir. Kale ve şehirlerden 2. kademe askerler toplayabilirsiniz. Eğer söz konusu yerleşim yeriyle ilişkileriniz yeterince iyi ise (30+), %30 şans oranıyla 3. kademe asker toplama şansı elde edersiniz. Tek seferde alabileceğiniz maksimum adam sayısı, yerleşke ile ilişkiniz, liderliğiniz, karizmanız, yerleşkenin dini ve o bölgenin sahibi olup olmadığınız ile bağlantılıdır
ip_wages|Ücret
ip_wages_text|Viking Conquest'teki asker ücretleri esas olarak oyuncunun liderliğinden etkilenir. Üst düzey birlikler için, oyuncunun ikna etme becerisi, ne kadar iyi olduğuna bağlı olarak bonus veya malus olabilir. Robbers ve Vikings gibi haydut tipi birlikler için oyuncunun itibarı oyuna giriyor, oyuncunun itibarı Notorious'tan daha kötüyse indirim yapıyor.
ip_skills|Beceriler ve Nitelikler
ip_skills_text|Viking Conquest'ta bir karakter yaratırken ya da geliştirirken, kişinin birçok beceri ve niteliğe dikkat etmesi gerekir. İkna ve liderlik gibi beceriler ticaret, ücretler, lord ve bayan etkileşimi ve zorunlu dönüşüm için çok önemlidir. Bu faaliyetlerde zeka ve karizma gibi nitelikler de önemlidir, ancak insanlarla evlenme ya da liderlik etme yeteneğinizi de etkiler. ^^ Deniz için üç önemli beceri vardır: 'Deniz Kralı', 'Gezinme' ve 'Yağma'. ^ Birinin Deniz Kralı seviyesi, birinin kumanda edebileceği gemi miktarını belirler. Birinci seviye iki gemiye kadar izin verir. Yedi gemi dördüncü Deniz Kralı seviyesinde maksimum. ^^ ^^ Navigation skill olanı denizde daha hızlı seyahat etmesini sağlar. Karadaki Pathfinding yeteneğinin deniz eşdeğeridir (bu arada denizde yardımcı olmaz). ^ ^ Daha yüksek bir Yağma becerisi, düşman gemilerini ele geçirme şansını arttırır. ^
ip_tactical_controls|Tactical Controls
ip_tactical_controls_text|Bir bölme seçmek için NUMARALAR klavyesini kullanın. Tüm gücünüzü seçmek için 0'a basın. ^^ Seçilen bölümleri sipariş etmek için F1-F4'ü kullanın. Seçilen bölümleri yerleştirmek için F1 tuşunu basılı tutun. Bu mekanizma aracılığıyla bir düşman bölümünü hedefleyebilirsiniz. ^^ GİRİŞ tuşuna basmak, genellikle bir baş üstü Strateji Kamerasını başlatır. (4 veya daha fazla sürüş becerisi gerektirir). ^^ Z tuşuna basılması Crouching'i etkinleştirir. ^^ Oyun için tuşunu basılı tutarak Action için oyun tuşunu savunmak ve tuşuna basmak bir Shield Bash uygular. Trait, T tuşuna basmak onu aktive eder. ^^ Multiplayer'da Q tuşunu basılı tutup Savunma tuşuna basmak rakiplerinizi alay etmenize izin verir. '
ip_division_placement|Division Placement
ip_division_placement_text|BİR bölme seçildiğinde, ön rütbenin merkezi belirtilen noktaya yerleştirilir. ^^ MANY bölümleri seçildiğinde, ayrılan ve oyuncu belirtilen noktada durmuş gibi yayılır. oyuncuya göre seçilen bölümlerin F2, F7 tuşlarına basarak yerleştirilmesi. Varsayılan ayar, piyade sola, süvari sağa ve ileri doğru uzanıyordu. Oyuncunun şahsen seçtiği tüm bölümler için yerleştirme geçersiz kılınır, Formasyon Seçenekleri menüsünden. ^^ Kamp menüsü oyun seçeneği belirlenirse, bölümler düşmanla yüzleşmek için döner. Aksi takdirde, oyuncunun yerleştirildiği sırada sahip olduğu yüzü koruyacaktır.
ip_formations|Oluşumlar
ip_formations_text|Savaş menüsündeki karmaşık oluşumlar şunlardır:^^ - en iyi askerlerle ön sırada yer alır^ - Kalkan duvarı, öndeki kalkanlarla ve arkada daha uzun silahlarla sıralanır^ - en iyi askerlerle ön sırada kama^ - belirli bir sırada Kare^ - hiçbir oluşum^^son durumda bile, oyuncu yeterince yakın zamanlarda ayakta sipariş ederek dört satıra kadar oluşumlar yapabilir.
ip_dog_companion|Köpek Arkadaşı
ip_dog_companion_text|Dolaşırken kendi düşüncelerinizde kaybolurken, aniden bir köpek havlaması duyuyorsunuz. Neyse ki, yanınızda bir parça sosis var. Bu bir arkadaşlığın başlangıcı. Köpek, savaş alanında bile yanınızdan ayrılmayacak ve yakında bir isim kazanacak. ^ Savaş alanında, köpeğiniz 9. bölüme yerleştirildi. Köpek arkadaşınızın yetenekleri ve yetenekleri, ona iyi yemek vererek geliştirilebilir.
ip_rents|Kiralık
ip_rents_text|Sahip olduğunuz her yer kira üretir. Kiralar uzun vadede ortalama olarak haftalık olarak ödenir, ancak ödeme sıklığı değişkendir. Bazı haftalarda ödeme alabilirsiniz, bazılarında ise hiçbir şey alamazsınız. Ödeme paydate tarafından gerçekleştirilmediyse, bütçenizdeki giriş kiraların ödenmediğini belirtir. Köy yağmalandıysa veya kale ya da kasaba yağmalandıysa, bütçenizdeki girdiler kira kiralamayacağını belirtir. Köy / kale / kasaba normal durumuna döndüğünde, kira ödemelerini işlemeye başlayacaklar. Kiralar, uzlaşmanın refahı, özel binaların varlığı, dini yapı, vergi oranı ve zorluk ortamından da etkilenir. Özel binalar, yağma yapılmış olsa bile kiralar üretmeye devam edecek.
ip_quarters|Kışla
ip_quarters_text|Çeyrek birliklerinizden bazılarını harita üzerinde belirli bir yere bırakmanızı sağlar. İki çeyreğe kadar zamanınız olabilir. ^^ Çeyrekleri faydalı kılan birkaç senaryo var: ^ - Bir tekneye seyahat etmeniz gerekiyorsa, ancak tüm birlikleriniz için geçiş ücreti ödeyemiyorsanız ^ - Sizin kapasiteniz varsa filo bütün birliklerinizi aynı anda taşıyabilecek kadar büyük değil ^ - Bir şehre gizlice girmek istiyorsanız ^ - Dünya haritası üzerinde daha hızlı seyahat etmek istiyorsanız
